{
"metadata": {
    "version": 3,
    "type": "geometry",
    "generator": "GeometryExporter"
},

"materials": [
	{
	"DbgIndex" : 0,
	"mapDiffuse" : "MOS_IOS_LOCATION_Kent_Farm_Structure_Doghouse_Base_D.jpg",
	"opacity" : 1.0,
	"diffuse": [0.8,0.8,0.8],
	"specular": [0.2,0.2,0.2]
	},
	{
	"DbgIndex" : 1,
	"mapDiffuse" : "default-grey.jpg",
	"opacity" : 1.0,
	"diffuse": [0.8,0.8,0.8],
	"specular": [0.2,0.2,0.2]
	}
],
"normals": [],
"colors": [],
"vertices": [
1.106183,0.353106,0.764962,
1.135894,0.345111,0.787815,
1.106183,0.353466,0.000001,
1.250000,1.017451,0.000096,
1.250000,0.237869,1.037768,
1.135894,1.017451,0.000096,
1.135894,0.237869,1.037768,
1.135894,0.238008,-1.037768,
1.250000,0.238008,-1.037768,
1.135894,1.017451,0.000096,
1.250000,1.017451,0.000096,
-1.250000,1.017451,0.000096,
-1.250000,0.238008,-1.037768,
-1.135894,1.017451,0.000096,
-1.135894,0.238008,-1.037768,
-1.135894,0.237868,1.037768,
-1.250000,0.237868,1.037768,
-1.135894,1.017451,0.000096,
-1.250000,1.017451,0.000096,
-1.250000,1.017451,0.000096,
-1.250000,1.049432,0.000098,
-1.250000,0.238008,-1.037768,
-1.250000,0.274909,-1.034909,
-1.135894,0.238547,-0.727339,
-1.135894,0.238008,-1.037768,
1.135894,0.238547,-0.727339,
1.135894,0.238008,-1.037768,
1.250000,0.274909,-1.034909,
1.250000,1.049432,0.000100,
1.250000,0.238008,-1.037768,
1.250000,1.017451,0.000096,
1.135894,0.929047,0.000085,
1.106183,0.920102,0.000083,
1.135894,0.345064,-0.788019,
1.106183,0.353076,-0.765197,
-1.250000,1.049432,0.000098,
-1.250000,0.275076,1.035025,
1.250000,1.049432,0.000100,
1.250000,0.275076,1.035025,
-0.978652,-0.918200,-0.708314,
-0.978652,0.107315,-0.708314,
0.978652,-0.918200,-0.708314,
0.978652,0.107315,-0.708314,
0.978652,0.107315,0.708316,
-0.978652,-0.918200,0.708316,
0.978652,-0.918200,0.708316,
-0.978652,0.107315,0.708316,
0.913646,0.030524,-0.558031,
-1.047362,0.030523,-0.558031,
0.913646,-0.954578,-0.558031,
-1.047362,-0.954578,-0.558031,
0.913646,0.030524,0.586469,
0.913646,0.030524,-0.558031,
0.913646,-0.954578,0.586469,
0.913646,-0.954578,-0.558031,
-1.047362,0.030523,0.586469,
0.913646,0.030524,0.586469,
-1.047362,-0.954578,0.586469,
0.913646,-0.954578,0.586469,
0.913646,0.030524,-0.558031,
-1.047362,0.030523,-0.558031,
1.135894,0.238547,0.727340,
1.135894,0.237869,1.037768,
-1.135894,0.238547,0.727340,
-1.135894,0.237868,1.037768,
-1.250000,0.237868,1.037768,
-1.250000,1.017451,0.000096,
1.135895,-0.927639,0.633896,
1.105186,-0.919863,0.627930,
1.135894,0.197022,0.633896,
1.105186,0.189246,0.627930,
1.135894,0.197022,-0.633894,
1.105186,0.189246,-0.627928,
1.135895,-0.927639,-0.633894,
1.105186,-0.919863,-0.627928,
1.106183,0.353106,0.764962,
1.106183,0.353106,0.764962,
0.987968,-0.925975,-0.727339,
0.987968,0.115091,-0.727339,
-0.987968,0.115091,-0.727339,
-0.987968,-0.925976,-0.727339,
-0.987968,-0.925976,0.727340,
-0.987968,0.115091,0.727340,
0.987968,0.115091,0.727340,
0.987968,-0.925975,0.727340,
-1.135894,-0.925397,0.308605,
-1.067516,-0.925397,0.308605,
-1.135894,-0.925397,-0.299925,
-1.067516,-0.925397,-0.299925,
-1.135894,-0.248331,-0.299925,
-1.067516,-0.248331,-0.299925,
-1.135894,-0.022447,0.000714,
-1.067517,-0.022447,0.000714,
-1.135894,-0.022447,0.000714,
-1.067517,-0.022447,0.000714,
-1.135894,-0.249390,0.308605,
-1.067516,-0.249390,0.308605,
-1.135894,0.107600,0.000001,
-1.113163,0.099825,-0.021577,
-1.135894,-0.193979,-0.386464,
-1.113163,-0.189571,-0.392430,
-1.135894,-0.951259,-0.386464,
-1.113163,-0.943484,-0.392430,
-1.135894,-0.951259,-0.626871,
-1.113163,-0.943484,-0.620906,
-1.135894,0.107600,-0.626871,
-1.113163,0.099825,-0.620906,
-1.113163,0.099825,0.021995,
-1.135894,0.107600,0.626873,
-1.113163,0.099825,0.620907,
-1.135894,-0.951259,0.626873,
-1.113163,-0.943484,0.620907,
-1.135894,-0.951259,0.395144,
-1.113163,-0.943484,0.401110,
-1.135894,-0.193979,0.395144,
-1.113163,-0.189522,0.401110,
1.250000,0.237869,1.037768,
-1.135894,0.905536,0.000001,
-1.113163,0.896567,0.000001,
-1.135894,0.359054,0.729064,
-1.113163,0.366830,0.706724,
-1.135894,0.359054,-0.729062,
-1.113163,0.366830,-0.706722,
-1.113163,0.366830,0.000001,
1.105186,0.189246,0.000001,
1.105186,-0.919863,0.000001,
1.250000,1.017451,0.000096,
1.106183,0.353106,0.764962,
1.135894,-1.049432,0.727340,
1.135894,0.238547,0.727340,
1.135895,-0.927639,0.000001,
1.135894,-1.049432,0.000001,
1.135894,-1.049432,-0.727339,
1.135894,0.238547,-0.727339,
1.135894,0.197022,0.000001,
1.135894,0.237869,1.037768,
1.135894,1.017451,0.000096,
1.135894,0.238008,-1.037768,
1.135894,0.238547,0.000001,
1.135894,0.345690,0.000001,
-1.135894,-0.022447,0.000714,
-1.135894,-0.248331,-0.299925,
-1.135894,-0.249390,0.308605,
-1.135894,-0.925397,0.308605,
-1.135894,0.238547,0.727340,
-1.135894,-1.049432,0.727340,
-1.135894,-1.049432,0.395144,
-1.135894,-0.925397,-0.299925,
-1.135894,0.237868,1.037768,
-1.135894,0.359054,0.000001,
-1.135894,0.238547,0.000001,
-1.135894,1.017451,0.000096,
-1.135894,0.238008,-1.037768,
-1.135894,0.238547,-0.727339,
-1.135894,-1.049432,-0.727339,
-1.135894,-1.049432,-0.386464,
1.135894,-1.049432,-0.727339,
1.135894,0.238547,-0.727339,
-1.135894,-1.049432,-0.727339,
-1.135894,0.238547,-0.727339,
1.135894,-1.049432,0.727340,
-1.135894,-1.049432,0.727340,
1.135894,0.238547,0.727340,
-1.135894,0.238547,0.727340,
1.250000,0.237869,1.037768,
-1.250000,0.237868,1.037768,
-1.250000,0.238008,-1.037768,
1.250000,0.238008,-1.037768
],